scenario,technology,year,Production (Mt)
Baseline,Avg BF-BOF,2020,996.0865517
Baseline,Avg BF-BOF,2021,950.1619039
Baseline,Avg BF-BOF,2022,959.4380972
Baseline,Avg BF-BOF,2023,967.1878342
Baseline,Avg BF-BOF,2024,945.5560929
Baseline,Avg BF-BOF,2025,872.1704306
Baseline,Avg BF-BOF,2026,795.1973939
Baseline,Avg BF-BOF,2027,704.5932724
Baseline,Avg BF-BOF,2028,627.961518
Baseline,Avg BF-BOF,2029,529.9250239
Baseline,Avg BF-BOF,2030,456.0247372
Baseline,Avg BF-BOF,2031,390.5474441
Baseline,Avg BF-BOF,2032,336.1208222
Baseline,Avg BF-BOF,2033,284.196
Baseline,Avg BF-BOF,2034,258.4743645
Baseline,Avg BF-BOF,2035,220.5232914
Baseline,Avg BF-BOF,2036,194.4079023
Baseline,Avg BF-BOF,2037,173.0613957
Baseline,Avg BF-BOF,2038,148.1178651
Baseline,Avg BF-BOF,2039,135.3396618
Baseline,Avg BF-BOF,2040,125.9710846
Baseline,Avg BF-BOF,2041,123.7101448
Baseline,Avg BF-BOF,2042,120.7162639
Baseline,Avg BF-BOF,2043,119.4502653
Baseline,Avg BF-BOF,2044,119.3193463
Baseline,Avg BF-BOF,2045,119.0511024
Baseline,Avg BF-BOF,2046,118.7823811
Baseline,Avg BF-BOF,2047,118.5393461
Baseline,Avg BF-BOF,2048,118.5206543
Baseline,Avg BF-BOF,2049,113.0361149
Baseline,Avg BF-BOF,2050,112.7957141
Baseline,BAT BF-BOF,2020,330.17441
Baseline,BAT BF-BOF,2021,340.3282583
Baseline,BAT BF-BOF,2022,340.5348741
Baseline,BAT BF-BOF,2023,344.5951674
Baseline,BAT BF-BOF,2024,365.9240765
Baseline,BAT BF-BOF,2025,384.0700885
Baseline,BAT BF-BOF,2026,413.0002588
Baseline,BAT BF-BOF,2027,460.175516
Baseline,BAT BF-BOF,2028,500.0923098
Baseline,BAT BF-BOF,2029,549.980913
Baseline,BAT BF-BOF,2030,575.6988457
Baseline,BAT BF-BOF,2031,583.5852983
Baseline,BAT BF-BOF,2032,594.2466648
Baseline,BAT BF-BOF,2033,589.3711273
Baseline,BAT BF-BOF,2034,568.083633
Baseline,BAT BF-BOF,2035,555.2628256
Baseline,BAT BF-BOF,2036,539.372236
Baseline,BAT BF-BOF,2037,522.5552106
Baseline,BAT BF-BOF,2038,507.5352328
Baseline,BAT BF-BOF,2039,491.3073414
Baseline,BAT BF-BOF,2040,471.4550899
Baseline,BAT BF-BOF,2041,453.8735017
Baseline,BAT BF-BOF,2042,417.983431
Baseline,BAT BF-BOF,2043,377.2650459
Baseline,BAT BF-BOF,2044,368.1381395
Baseline,BAT BF-BOF,2045,365.0723824
Baseline,BAT BF-BOF,2046,358.5242481
Baseline,BAT BF-BOF,2047,354.9909952
Baseline,BAT BF-BOF,2048,353.5049023
Baseline,BAT BF-BOF,2049,329.9252071
Baseline,BAT BF-BOF,2050,329.6276107
Baseline,BAT BF-BOF_H2 PCI,2025,36.5809646
Baseline,BAT BF-BOF_H2 PCI,2026,71.18555142
Baseline,BAT BF-BOF_H2 PCI,2027,110.9572845
Baseline,BAT BF-BOF_H2 PCI,2028,135.6195557
Baseline,BAT BF-BOF_H2 PCI,2029,173.045103
Baseline,BAT BF-BOF_H2 PCI,2030,208.4648925
Baseline,BAT BF-BOF_H2 PCI,2031,243.4103752
Baseline,BAT BF-BOF_H2 PCI,2032,269.3434668
Baseline,BAT BF-BOF_H2 PCI,2033,307.4709333
Baseline,BAT BF-BOF_H2 PCI,2034,333.3831334
Baseline,BAT BF-BOF_H2 PCI,2035,361.9932998
Baseline,BAT BF-BOF_H2 PCI,2036,387.4860266
Baseline,BAT BF-BOF_H2 PCI,2037,408.8908265
Baseline,BAT BF-BOF_H2 PCI,2038,431.6911165
Baseline,BAT BF-BOF_H2 PCI,2039,445.4907236
Baseline,BAT BF-BOF_H2 PCI,2040,462.6906958
Baseline,BAT BF-BOF_H2 PCI,2041,475.3485551
Baseline,BAT BF-BOF_H2 PCI,2042,510.0207047
Baseline,BAT BF-BOF_H2 PCI,2043,552.1257423
Baseline,BAT BF-BOF_H2 PCI,2044,559.3928302
Baseline,BAT BF-BOF_H2 PCI,2045,560.5650373
Baseline,BAT BF-BOF_H2 PCI,2046,570.3577311
Baseline,BAT BF-BOF_H2 PCI,2047,578.7562044
Baseline,BAT BF-BOF_H2 PCI,2048,583.6880151
Baseline,BAT BF-BOF_H2 PCI,2049,604.6152991
Baseline,BAT BF-BOF_H2 PCI,2050,605.195505
Baseline,BAT BF-BOF_bio PCI,2021,3.238608305
Baseline,BAT BF-BOF_bio PCI,2022,4.597643549
Baseline,BAT BF-BOF_bio PCI,2023,4.597643549
Baseline,BAT BF-BOF_bio PCI,2024,7.014409853
Baseline,BAT BF-BOF_bio PCI,2025,7.014409853
Baseline,BAT BF-BOF_bio PCI,2026,6.999481454
Baseline,BAT BF-BOF_bio PCI,2027,6.998081458
Baseline,BAT BF-BOF_bio PCI,2028,6.997337925
Baseline,BAT BF-BOF_bio PCI,2029,6.996326891
Baseline,BAT BF-BOF_bio PCI,2030,6.910723872
Baseline,BAT BF-BOF_bio PCI,2031,6.650583462
Baseline,BAT BF-BOF_bio PCI,2032,6.63079745
Baseline,BAT BF-BOF_bio PCI,2033,6.484946966
Baseline,BAT BF-BOF_bio PCI,2034,6.393184248
Baseline,BAT BF-BOF_bio PCI,2035,6.558967209
Baseline,BAT BF-BOF_bio PCI,2036,6.564238067
Baseline,BAT BF-BOF_bio PCI,2037,6.858238776
Baseline,BAT BF-BOF_bio PCI,2038,7.170961
Baseline,BAT BF-BOF_bio PCI,2039,6.984229
Baseline,BAT BF-BOF_bio PCI,2040,7.170961
Baseline,BAT BF-BOF_bio PCI,2041,6.00932
Baseline,BAT BF-BOF_bio PCI,2042,6.00932
Baseline,BAT BF-BOF_bio PCI,2043,6.00932
Baseline,BAT BF-BOF_bio PCI,2044,5.213904
Baseline,BAT BF-BOF_bio PCI,2045,5.213904
Baseline,BAT BF-BOF_bio PCI,2046,5.213904
Baseline,BAT BF-BOF_bio PCI,2047,5.213904
Baseline,BAT BF-BOF_bio PCI,2048,5.213904
Baseline,BAT BF-BOF_bio PCI,2049,5.006329
Baseline,BAT BF-BOF_bio PCI,2050,5.006329
Baseline,DRI-EAF,2020,79.82283092
Baseline,DRI-EAF,2021,133.9476645
Baseline,DRI-EAF,2022,138.7784038
Baseline,DRI-EAF,2023,143.4045874
Baseline,DRI-EAF,2024,145.3763913
Baseline,DRI-EAF,2025,176.1856063
Baseline,DRI-EAF,2026,166.4723618
Baseline,DRI-EAF,2027,123.1474908
Baseline,DRI-EAF,2028,85.57781054
Baseline,DRI-EAF,2029,64.48084327
Baseline,DRI-EAF,2030,50.62755724
Baseline,DRI-EAF,2031,37.58688937
Baseline,DRI-EAF,2032,30.3040154
Baseline,DRI-EAF,2033,21.95613066
Baseline,DRI-EAF,2034,14.83464932
Baseline,DRI-EAF,2035,12.30225123
Baseline,DRI-EAF,2036,8.969471613
Baseline,DRI-EAF,2037,6.888635445
Baseline,DRI-EAF,2038,5.713176564
Baseline,DRI-EAF,2039,5.132298644
Baseline,DRI-EAF,2040,4.871537717
Baseline,DRI-EAF,2041,4.385778335
Baseline,DRI-EAF,2042,4.329995351
Baseline,DRI-EAF,2043,4.32825168
Baseline,DRI-EAF,2044,4.338445098
Baseline,DRI-EAF,2045,4.239155074
Baseline,DRI-EAF,2046,4.238095855
Baseline,DRI-EAF,2047,4.226223187
Baseline,DRI-EAF,2048,4.240553721
Baseline,DRI-EAF,2049,4.105478678
Baseline,DRI-EAF,2050,4.100827402
Baseline,DRI-EAF_50% bio-CH4,2029,0.139998128
Baseline,DRI-EAF_50% bio-CH4,2030,0.139974383
Baseline,DRI-EAF_50% bio-CH4,2031,0.13995369
Baseline,DRI-EAF_50% bio-CH4,2032,0.13995487
Baseline,DRI-EAF_50% bio-CH4,2033,0.159966923
Baseline,DRI-EAF_50% bio-CH4,2034,0.166684507
Baseline,DRI-EAF_50% bio-CH4,2035,0.166771391
Baseline,DRI-EAF_50% bio-CH4,2036,0.166905411
Baseline,DRI-EAF_50% bio-CH4,2037,0.167098126
Baseline,DRI-EAF_50% bio-CH4,2038,0.1672
Baseline,DRI-EAF_50% bio-CH4,2039,0.1672
Baseline,DRI-EAF_50% bio-CH4,2040,0.1672
Baseline,DRI-EAF_50% bio-CH4,2041,0.1672
Baseline,DRI-EAF_50% bio-CH4,2042,0.1672
Baseline,DRI-EAF_50% bio-CH4,2043,0.1672
Baseline,DRI-EAF_50% bio-CH4,2044,0.1672
Baseline,DRI-EAF_50% bio-CH4,2045,0.1672
Baseline,DRI-EAF_50% bio-CH4,2046,0.1672
Baseline,DRI-EAF_50% bio-CH4,2047,0.1672
Baseline,DRI-EAF_50% bio-CH4,2048,0.1672
Baseline,DRI-EAF_50% bio-CH4,2049,0.113696
Baseline,DRI-EAF_50% bio-CH4,2050,0.113696
Baseline,DRI-EAF_50% green H2,2026,9.873253165
Baseline,DRI-EAF_50% green H2,2027,54.15784551
Baseline,DRI-EAF_50% green H2,2028,90.90847735
Baseline,DRI-EAF_50% green H2,2029,112.729454
Baseline,DRI-EAF_50% green H2,2030,125.1123313
Baseline,DRI-EAF_50% green H2,2031,136.2147007
Baseline,DRI-EAF_50% green H2,2032,142.0075909
Baseline,DRI-EAF_50% green H2,2033,148.0062941
Baseline,DRI-EAF_50% green H2,2034,154.5461552
Baseline,DRI-EAF_50% green H2,2035,156.0461975
Baseline,DRI-EAF_50% green H2,2036,159.2054148
Baseline,DRI-EAF_50% green H2,2037,161.5799442
Baseline,DRI-EAF_50% green H2,2038,162.7313355
Baseline,DRI-EAF_50% green H2,2039,163.4213293
Baseline,DRI-EAF_50% green H2,2040,163.1565937
Baseline,DRI-EAF_50% green H2,2041,163.453316
Baseline,DRI-EAF_50% green H2,2042,163.7357949
Baseline,DRI-EAF_50% green H2,2043,163.8212963
Baseline,DRI-EAF_50% green H2,2044,164.3752157
Baseline,DRI-EAF_50% green H2,2045,164.1537066
Baseline,DRI-EAF_50% green H2,2046,164.1916822
Baseline,DRI-EAF_50% green H2,2047,163.7310272
Baseline,DRI-EAF_50% green H2,2048,164.0701096
Baseline,DRI-EAF_50% green H2,2049,164.5881052
Baseline,DRI-EAF_50% green H2,2050,164.3708926
Baseline,DRI-Melt-BOF,2026,25.86696103
Baseline,DRI-Melt-BOF,2027,40.67994427
Baseline,DRI-Melt-BOF,2028,61.37213843
Baseline,DRI-Melt-BOF,2029,78.50851662
Baseline,DRI-Melt-BOF,2030,95.03941716
Baseline,DRI-Melt-BOF,2031,108.6704887
Baseline,DRI-Melt-BOF,2032,124.9596551
Baseline,DRI-Melt-BOF,2033,138.4997861
Baseline,DRI-Melt-BOF,2034,148.4216065
Baseline,DRI-Melt-BOF,2035,160.9432865
Baseline,DRI-Melt-BOF,2036,174.9807772
Baseline,DRI-Melt-BOF,2037,188.6113393
Baseline,DRI-Melt-BOF,2038,205.253995
Baseline,DRI-Melt-BOF,2039,220.1781453
Baseline,DRI-Melt-BOF,2040,241.4571289
Baseline,DRI-Melt-BOF,2041,265.4133162
Baseline,DRI-Melt-BOF,2042,288.865887
Baseline,DRI-Melt-BOF,2043,310.3256252
Baseline,DRI-Melt-BOF,2044,333.394731
Baseline,DRI-Melt-BOF,2045,355.2035311
Baseline,DRI-Melt-BOF,2046,371.3675713
Baseline,DRI-Melt-BOF,2047,385.3141696
Baseline,DRI-Melt-BOF,2048,399.1504847
Baseline,DRI-Melt-BOF,2049,405.9709686
Baseline,DRI-Melt-BOF,2050,428.7975404
Baseline,EAF,2020,469.8115907
Baseline,EAF,2021,550.8133932
Baseline,EAF,2022,560.7563675
Baseline,EAF,2023,569.2633019
Baseline,EAF,2024,589.6369223
Baseline,EAF,2025,601.3749954
Baseline,EAF,2026,611.5845207
Baseline,EAF,2027,620.7431855
Baseline,EAF,2028,632.4293379
Baseline,EAF,2029,642.9888647
Baseline,EAF,2030,654.0144335
Baseline,EAF,2031,667.5387247
Baseline,EAF,2032,677.4261116
Baseline,EAF,2033,682.2115789
Baseline,EAF,2034,694.6969933
Baseline,EAF,2035,708.0360565
Baseline,EAF,2036,716.4421333
Baseline,EAF,2037,719.3750548
Baseline,EAF,2038,725.2223909
Baseline,EAF,2039,728.6959552
Baseline,EAF,2040,732.8900802
Baseline,EAF,2041,734.6528218
Baseline,EAF,2042,735.4450324
Baseline,EAF,2043,736.7215003
Baseline,EAF,2044,740.2740656
Baseline,EAF,2045,747.4306879
Baseline,EAF,2046,753.468786
Baseline,EAF,2047,759.7714872
Baseline,EAF,2048,769.6207178
Baseline,EAF,2049,795.7347641
Baseline,EAF,2050,797.7644759
Baseline,Smelting Reduction,2030,3.204361328
Baseline,Smelting Reduction,2031,15.93904544
Baseline,Smelting Reduction,2032,22.50491286
Baseline,Smelting Reduction,2033,36.84408173
Baseline,Smelting Reduction,2034,45.91138189
Baseline,Smelting Reduction,2035,51.41577889
Baseline,Smelting Reduction,2036,53.39537746
Baseline,Smelting Reduction,2037,61.11862868
Baseline,Smelting Reduction,2038,64.98367467
Baseline,Smelting Reduction,2039,73.5213781
Baseline,Smelting Reduction,2040,74.77054475
Baseline,Smelting Reduction,2041,74.90115124
Baseline,Smelting Reduction,2042,74.93043569
Baseline,Smelting Reduction,2043,75.03089084
Baseline,Smelting Reduction,2044,76.07738182
Baseline,Smelting Reduction,2045,76.96433042
Baseline,Smelting Reduction,2046,80.52903282
Baseline,Smelting Reduction,2047,85.83257196
Baseline,Smelting Reduction,2048,88.51601666
Baseline,Smelting Reduction,2049,93.72600586
Baseline,Smelting Reduction,2050,98.70801465
Baseline,Smelting Reduction+CCUS,2049,0.053504
Baseline,Smelting Reduction+CCUS,2050,0.053504
Carbon Cost,Avg BF-BOF,2020,996.0865517
Carbon Cost,Avg BF-BOF,2021,951.3159582
Carbon Cost,Avg BF-BOF,2022,912.5023515
Carbon Cost,Avg BF-BOF,2023,865.8597835
Carbon Cost,Avg BF-BOF,2024,838.4717131
Carbon Cost,Avg BF-BOF,2025,775.1534631
Carbon Cost,Avg BF-BOF,2026,699.0483624
Carbon Cost,Avg BF-BOF,2027,586.4902313
Carbon Cost,Avg BF-BOF,2028,507.7737123
Carbon Cost,Avg BF-BOF,2029,412.2494458
Carbon Cost,Avg BF-BOF,2030,349.8421212
Carbon Cost,Avg BF-BOF,2031,281.227758
Carbon Cost,Avg BF-BOF,2032,238.0399176
Carbon Cost,Avg BF-BOF,2033,190.0142364
Carbon Cost,Avg BF-BOF,2034,168.9216674
Carbon Cost,Avg BF-BOF,2035,127.1067457
Carbon Cost,Avg BF-BOF,2036,100.4432828
Carbon Cost,Avg BF-BOF,2037,72.63981285
Carbon Cost,Avg BF-BOF,2038,36.91608639
Carbon Cost,Avg BF-BOF,2039,21.52289436
Carbon Cost,Avg BF-BOF,2040,12.25271739
Carbon Cost,Avg BF-BOF,2041,6.561635644
Carbon Cost,Avg BF-BOF,2042,3.458041008
Carbon Cost,Avg BF-BOF,2043,2.820004981
Carbon Cost,Avg BF-BOF,2044,2.761142597
Carbon Cost,BAT BF-BOF,2020,330.17441
Carbon Cost,BAT BF-BOF,2021,308.6623414
Carbon Cost,BAT BF-BOF,2022,279.7277844
Carbon Cost,BAT BF-BOF,2023,269.059732
Carbon Cost,BAT BF-BOF,2024,248.0548524
Carbon Cost,BAT BF-BOF,2025,236.8363917
Carbon Cost,BAT BF-BOF,2026,225.6314412
Carbon Cost,BAT BF-BOF,2027,217.9984059
Carbon Cost,BAT BF-BOF,2028,201.1705581
Carbon Cost,BAT BF-BOF,2029,184.4784727
Carbon Cost,BAT BF-BOF,2030,167.9179783
Carbon Cost,BAT BF-BOF,2031,146.9109367
Carbon Cost,BAT BF-BOF,2032,138.156368
Carbon Cost,BAT BF-BOF,2033,123.2908469
Carbon Cost,BAT BF-BOF,2034,108.7750478
Carbon Cost,BAT BF-BOF,2035,98.10747404
Carbon Cost,BAT BF-BOF,2036,94.59466367
Carbon Cost,BAT BF-BOF,2037,76.90640308
Carbon Cost,BAT BF-BOF,2038,60.61913546
Carbon Cost,BAT BF-BOF,2039,49.73392751
Carbon Cost,BAT BF-BOF,2040,38.56444312
Carbon Cost,BAT BF-BOF,2041,26.94976839
Carbon Cost,BAT BF-BOF,2042,16.32915133
Carbon Cost,BAT BF-BOF,2043,4.076061713
Carbon Cost,BAT BF-BOF,2044,0.832182403
Carbon Cost,BAT BF-BOF,2045,0.158815116
Carbon Cost,BAT BF-BOF+BECCUS,2028,0.043025937
Carbon Cost,BAT BF-BOF+BECCUS,2029,11.3776471
Carbon Cost,BAT BF-BOF+BECCUS,2030,17.26756945
Carbon Cost,BAT BF-BOF+BECCUS,2031,24.76018031
Carbon Cost,BAT BF-BOF+BECCUS,2032,30.32890801
Carbon Cost,BAT BF-BOF+BECCUS,2033,33.09833489
Carbon Cost,BAT BF-BOF+BECCUS,2034,44.11119939
Carbon Cost,BAT BF-BOF+BECCUS,2035,49.53584373
Carbon Cost,BAT BF-BOF+BECCUS,2036,63.01926779
Carbon Cost,BAT BF-BOF+BECCUS,2037,69.12807473
Carbon Cost,BAT BF-BOF+BECCUS,2038,70.92531381
Carbon Cost,BAT BF-BOF+BECCUS,2039,71.5717251
Carbon Cost,BAT BF-BOF+BECCUS,2040,77.09990097
Carbon Cost,BAT BF-BOF+BECCUS,2041,77.75460432
Carbon Cost,BAT BF-BOF+BECCUS,2042,78.12757701
Carbon Cost,BAT BF-BOF+BECCUS,2043,78.25394957
Carbon Cost,BAT BF-BOF+BECCUS,2044,78.82713713
Carbon Cost,BAT BF-BOF+BECCUS,2045,78.39176566
Carbon Cost,BAT BF-BOF+BECCUS,2046,78.89083713
Carbon Cost,BAT BF-BOF+BECCUS,2047,79.51674444
Carbon Cost,BAT BF-BOF+BECCUS,2048,80.093211
Carbon Cost,BAT BF-BOF+BECCUS,2049,80.80575225
Carbon Cost,BAT BF-BOF+BECCUS,2050,78.07801768
Carbon Cost,BAT BF-BOF+CCU,2028,12.30450495
Carbon Cost,BAT BF-BOF+CCU,2029,18.38594103
Carbon Cost,BAT BF-BOF+CCU,2030,25.91002486
Carbon Cost,BAT BF-BOF+CCU,2031,35.29024427
Carbon Cost,BAT BF-BOF+CCU,2032,50.83564999
Carbon Cost,BAT BF-BOF+CCU,2033,67.2694229
Carbon Cost,BAT BF-BOF+CCU,2034,84.50245591
Carbon Cost,BAT BF-BOF+CCU,2035,102.1576241
Carbon Cost,BAT BF-BOF+CCU,2036,120.900933
Carbon Cost,BAT BF-BOF+CCU,2037,137.6403941
Carbon Cost,BAT BF-BOF+CCU,2038,154.3000912
Carbon Cost,BAT BF-BOF+CCU,2039,164.6600418
Carbon Cost,BAT BF-BOF+CCU,2040,175.0489787
Carbon Cost,BAT BF-BOF+CCU,2041,180.6658143
Carbon Cost,BAT BF-BOF+CCU,2042,187.5636324
Carbon Cost,BAT BF-BOF+CCU,2043,194.7530576
Carbon Cost,BAT BF-BOF+CCU,2044,195.8017512
Carbon Cost,BAT BF-BOF+CCU,2045,194.2769104
Carbon Cost,BAT BF-BOF+CCU,2046,197.5197963
Carbon Cost,BAT BF-BOF+CCU,2047,199.571974
Carbon Cost,BAT BF-BOF+CCU,2048,201.7325068
Carbon Cost,BAT BF-BOF+CCU,2049,209.6194261
Carbon Cost,BAT BF-BOF+CCU,2050,200.6961688
Carbon Cost,BAT BF-BOF+CCUS,2028,0.501254053
Carbon Cost,BAT BF-BOF+CCUS,2029,0.722105577
Carbon Cost,BAT BF-BOF+CCUS,2030,5.636379631
Carbon Cost,BAT BF-BOF+CCUS,2031,9.145727112
Carbon Cost,BAT BF-BOF+CCUS,2032,11.66158825
Carbon Cost,BAT BF-BOF+CCUS,2033,13.88664541
Carbon Cost,BAT BF-BOF+CCUS,2034,15.06654421
Carbon Cost,BAT BF-BOF+CCUS,2035,15.24890784
Carbon Cost,BAT BF-BOF+CCUS,2036,16.42685946
Carbon Cost,BAT BF-BOF+CCUS,2037,16.93359974
Carbon Cost,BAT BF-BOF+CCUS,2038,16.8406272
Carbon Cost,BAT BF-BOF+CCUS,2039,16.79252261
Carbon Cost,BAT BF-BOF+CCUS,2040,16.7364396
Carbon Cost,BAT BF-BOF+CCUS,2041,16.62248459
Carbon Cost,BAT BF-BOF+CCUS,2042,16.73417028
Carbon Cost,BAT BF-BOF+CCUS,2043,16.78467021
Carbon Cost,BAT BF-BOF+CCUS,2044,16.70944902
Carbon Cost,BAT BF-BOF+CCUS,2045,16.36808221
Carbon Cost,BAT BF-BOF+CCUS,2046,16.49900137
Carbon Cost,BAT BF-BOF+CCUS,2047,16.66607795
Carbon Cost,BAT BF-BOF+CCUS,2048,16.9002221
Carbon Cost,BAT BF-BOF+CCUS,2049,17.06609002
Carbon Cost,BAT BF-BOF+CCUS,2050,16.41613565
Carbon Cost,BAT BF-BOF_H2 PCI,2025,18.34975532
Carbon Cost,BAT BF-BOF_H2 PCI,2026,34.26916679
Carbon Cost,BAT BF-BOF_H2 PCI,2027,78.40656396
Carbon Cost,BAT BF-BOF_H2 PCI,2028,106.7315929
Carbon Cost,BAT BF-BOF_H2 PCI,2029,132.3409722
Carbon Cost,BAT BF-BOF_H2 PCI,2030,144.0506088
Carbon Cost,BAT BF-BOF_H2 PCI,2031,145.11572
Carbon Cost,BAT BF-BOF_H2 PCI,2032,142.4666696
Carbon Cost,BAT BF-BOF_H2 PCI,2033,140.9279054
Carbon Cost,BAT BF-BOF_H2 PCI,2034,126.6788787
Carbon Cost,BAT BF-BOF_H2 PCI,2035,118.1465961
Carbon Cost,BAT BF-BOF_H2 PCI,2036,110.3980932
Carbon Cost,BAT BF-BOF_H2 PCI,2037,97.85325562
Carbon Cost,BAT BF-BOF_H2 PCI,2038,83.02272898
Carbon Cost,BAT BF-BOF_H2 PCI,2039,72.33733579
Carbon Cost,BAT BF-BOF_H2 PCI,2040,62.39286956
Carbon Cost,BAT BF-BOF_H2 PCI,2041,50.95996271
Carbon Cost,BAT BF-BOF_H2 PCI,2042,37.66523173
Carbon Cost,BAT BF-BOF_H2 PCI,2043,23.87852769
Carbon Cost,BAT BF-BOF_H2 PCI,2044,13.89399475
Carbon Cost,BAT BF-BOF_H2 PCI,2045,7.855251115
Carbon Cost,BAT BF-BOF_H2 PCI,2046,3.334126453
Carbon Cost,BAT BF-BOF_H2 PCI,2047,1.167684741
Carbon Cost,BAT BF-BOF_H2 PCI,2048,0.317450996
Carbon Cost,BAT BF-BOF_bio PCI,2021,29.46446269
Carbon Cost,BAT BF-BOF_bio PCI,2022,61.68064708
Carbon Cost,BAT BF-BOF_bio PCI,2023,85.22622323
Carbon Cost,BAT BF-BOF_bio PCI,2024,125.6469042
Carbon Cost,BAT BF-BOF_bio PCI,2025,152.692314
Carbon Cost,BAT BF-BOF_bio PCI,2026,170.5326726
Carbon Cost,BAT BF-BOF_bio PCI,2027,213.7919885
Carbon Cost,BAT BF-BOF_bio PCI,2028,240.4133101
Carbon Cost,BAT BF-BOF_bio PCI,2029,268.8293792
Carbon Cost,BAT BF-BOF_bio PCI,2030,282.2829161
Carbon Cost,BAT BF-BOF_bio PCI,2031,293.8968695
Carbon Cost,BAT BF-BOF_bio PCI,2032,290.979416
Carbon Cost,BAT BF-BOF_bio PCI,2033,286.7556101
Carbon Cost,BAT BF-BOF_bio PCI,2034,267.9569718
Carbon Cost,BAT BF-BOF_bio PCI,2035,253.0288662
Carbon Cost,BAT BF-BOF_bio PCI,2036,225.4219195
Carbon Cost,BAT BF-BOF_bio PCI,2037,209.4200302
Carbon Cost,BAT BF-BOF_bio PCI,2038,197.016529
Carbon Cost,BAT BF-BOF_bio PCI,2039,181.3132296
Carbon Cost,BAT BF-BOF_bio PCI,2040,163.4810229
Carbon Cost,BAT BF-BOF_bio PCI,2041,144.4554708
Carbon Cost,BAT BF-BOF_bio PCI,2042,132.2117104
Carbon Cost,BAT BF-BOF_bio PCI,2043,112.6069677
Carbon Cost,BAT BF-BOF_bio PCI,2044,96.10710038
Carbon Cost,BAT BF-BOF_bio PCI,2045,84.08929775
Carbon Cost,BAT BF-BOF_bio PCI,2046,77.9689548
Carbon Cost,BAT BF-BOF_bio PCI,2047,74.80833882
Carbon Cost,BAT BF-BOF_bio PCI,2048,73.20706592
Carbon Cost,BAT BF-BOF_bio PCI,2049,58.98759711
Carbon Cost,BAT BF-BOF_bio PCI,2050,57.06636308
Carbon Cost,DRI-EAF,2020,79.82283092
Carbon Cost,DRI-EAF,2021,139.1115809
Carbon Cost,DRI-EAF,2022,191.2267179
Carbon Cost,DRI-EAF,2023,243.504916
Carbon Cost,DRI-EAF,2024,254.5265745
Carbon Cost,DRI-EAF,2025,290.1989358
Carbon Cost,DRI-EAF,2026,279.5542253
Carbon Cost,DRI-EAF,2027,159.3147488
Carbon Cost,DRI-EAF,2028,70.73543072
Carbon Cost,DRI-EAF,2029,46.52365178
Carbon Cost,DRI-EAF,2030,35.75946175
Carbon Cost,DRI-EAF,2031,26.53675739
Carbon Cost,DRI-EAF,2032,20.40195569
Carbon Cost,DRI-EAF,2033,12.54603929
Carbon Cost,DRI-EAF,2034,6.259700822
Carbon Cost,DRI-EAF,2035,4.7168069
Carbon Cost,DRI-EAF,2036,2.443957908
Carbon Cost,DRI-EAF,2037,1.53155918
Carbon Cost,DRI-EAF,2038,1.098825436
Carbon Cost,DRI-EAF,2039,1.103627528
Carbon Cost,DRI-EAF,2040,1.083713853
Carbon Cost,DRI-EAF,2041,1.080752462
Carbon Cost,DRI-EAF,2042,1.084986786
Carbon Cost,DRI-EAF,2043,1.082044861
Carbon Cost,DRI-EAF,2044,1.085413168
Carbon Cost,DRI-EAF,2045,1.081775885
Carbon Cost,DRI-EAF,2046,1.085284115
Carbon Cost,DRI-EAF,2047,1.081721196
Carbon Cost,DRI-EAF,2048,1.086647949
Carbon Cost,DRI-EAF,2049,1.088099152
Carbon Cost,DRI-EAF,2050,1.082869666
Carbon Cost,DRI-EAF+CCUS,2028,1.457216301
Carbon Cost,DRI-EAF+CCUS,2029,2.275771528
Carbon Cost,DRI-EAF+CCUS,2030,2.640695663
Carbon Cost,DRI-EAF+CCUS,2031,2.991812011
Carbon Cost,DRI-EAF+CCUS,2032,4.109173391
Carbon Cost,DRI-EAF+CCUS,2033,5.524709425
Carbon Cost,DRI-EAF+CCUS,2034,8.917874903
Carbon Cost,DRI-EAF+CCUS,2035,9.959016651
Carbon Cost,DRI-EAF+CCUS,2036,11.43048231
Carbon Cost,DRI-EAF+CCUS,2037,12.61667706
Carbon Cost,DRI-EAF+CCUS,2038,13.67476736
Carbon Cost,DRI-EAF+CCUS,2039,15.10574293
Carbon Cost,DRI-EAF+CCUS,2040,18.41761455
Carbon Cost,DRI-EAF+CCUS,2041,24.76203337
Carbon Cost,DRI-EAF+CCUS,2042,28.76562918
Carbon Cost,DRI-EAF+CCUS,2043,29.73534961
Carbon Cost,DRI-EAF+CCUS,2044,33.12031317
Carbon Cost,DRI-EAF+CCUS,2045,33.12256554
Carbon Cost,DRI-EAF+CCUS,2046,33.3438963
Carbon Cost,DRI-EAF+CCUS,2047,33.22124366
Carbon Cost,DRI-EAF+CCUS,2048,33.71792559
Carbon Cost,DRI-EAF+CCUS,2049,34.87691373
Carbon Cost,DRI-EAF+CCUS,2050,34.70475449
Carbon Cost,DRI-EAF_100% green H2,2026,1.834659038
Carbon Cost,DRI-EAF_100% green H2,2027,49.71252762
Carbon Cost,DRI-EAF_100% green H2,2028,75.03395601
Carbon Cost,DRI-EAF_100% green H2,2029,81.78462687
Carbon Cost,DRI-EAF_100% green H2,2030,84.49617331
Carbon Cost,DRI-EAF_100% green H2,2031,87.6413803
Carbon Cost,DRI-EAF_100% green H2,2032,91.63526804
Carbon Cost,DRI-EAF_100% green H2,2033,96.17412768
Carbon Cost,DRI-EAF_100% green H2,2034,99.56375666
Carbon Cost,DRI-EAF_100% green H2,2035,101.3826622
Carbon Cost,DRI-EAF_100% green H2,2036,103.905702
Carbon Cost,DRI-EAF_100% green H2,2037,106.1952032
Carbon Cost,DRI-EAF_100% green H2,2038,107.4563123
Carbon Cost,DRI-EAF_100% green H2,2039,109.1301094
Carbon Cost,DRI-EAF_100% green H2,2040,112.9453115
Carbon Cost,DRI-EAF_100% green H2,2041,122.7677295
Carbon Cost,DRI-EAF_100% green H2,2042,136.0186763
Carbon Cost,DRI-EAF_100% green H2,2043,152.773049
Carbon Cost,DRI-EAF_100% green H2,2044,166.1632557
Carbon Cost,DRI-EAF_100% green H2,2045,191.6490575
Carbon Cost,DRI-EAF_100% green H2,2046,194.4522217
Carbon Cost,DRI-EAF_100% green H2,2047,196.8067346
Carbon Cost,DRI-EAF_100% green H2,2048,199.2063605
Carbon Cost,DRI-EAF_100% green H2,2049,202.9193462
Carbon Cost,DRI-EAF_100% green H2,2050,199.2645064
Carbon Cost,DRI-EAF_50% bio-CH4,2028,30.58528686
Carbon Cost,DRI-EAF_50% bio-CH4,2029,39.13898569
Carbon Cost,DRI-EAF_50% bio-CH4,2030,42.01415206
Carbon Cost,DRI-EAF_50% bio-CH4,2031,44.09224826
Carbon Cost,DRI-EAF_50% bio-CH4,2032,43.84840492
Carbon Cost,DRI-EAF_50% bio-CH4,2033,43.81161201
Carbon Cost,DRI-EAF_50% bio-CH4,2034,43.81809005
Carbon Cost,DRI-EAF_50% bio-CH4,2035,42.81689096
Carbon Cost,DRI-EAF_50% bio-CH4,2036,41.61417907
Carbon Cost,DRI-EAF_50% bio-CH4,2037,41.23342421
Carbon Cost,DRI-EAF_50% bio-CH4,2038,40.21861887
Carbon Cost,DRI-EAF_50% bio-CH4,2039,39.2973824
Carbon Cost,DRI-EAF_50% bio-CH4,2040,37.6227206
Carbon Cost,DRI-EAF_50% bio-CH4,2041,33.86923424
Carbon Cost,DRI-EAF_50% bio-CH4,2042,29.92167975
Carbon Cost,DRI-EAF_50% bio-CH4,2043,24.08662446
Carbon Cost,DRI-EAF_50% bio-CH4,2044,19.27888284
Carbon Cost,DRI-EAF_50% bio-CH4,2045,6.65591765
Carbon Cost,DRI-EAF_50% bio-CH4,2046,5.67820702
Carbon Cost,DRI-EAF_50% bio-CH4,2047,5.441519769
Carbon Cost,DRI-EAF_50% bio-CH4,2048,4.744711677
Carbon Cost,DRI-EAF_50% bio-CH4,2049,2.998252477
Carbon Cost,DRI-EAF_50% bio-CH4,2050,2.980475714
Carbon Cost,DRI-EAF_50% green H2,2026,5.415748055
Carbon Cost,DRI-EAF_50% green H2,2027,78.14015727
Carbon Cost,DRI-EAF_50% green H2,2028,108.0541178
Carbon Cost,DRI-EAF_50% green H2,2029,116.1129975
Carbon Cost,DRI-EAF_50% green H2,2030,119.255636
Carbon Cost,DRI-EAF_50% green H2,2031,120.5208943
Carbon Cost,DRI-EAF_50% green H2,2032,120.2283765
Carbon Cost,DRI-EAF_50% green H2,2033,120.1322403
Carbon Cost,DRI-EAF_50% green H2,2034,118.8775003
Carbon Cost,DRI-EAF_50% green H2,2035,117.5821068
Carbon Cost,DRI-EAF_50% green H2,2036,116.5265555
Carbon Cost,DRI-EAF_50% green H2,2037,113.7682462
Carbon Cost,DRI-EAF_50% green H2,2038,111.0312379
Carbon Cost,DRI-EAF_50% green H2,2039,107.5414926
Carbon Cost,DRI-EAF_50% green H2,2040,101.4681756
Carbon Cost,DRI-EAF_50% green H2,2041,91.06651661
Carbon Cost,DRI-EAF_50% green H2,2042,75.33995756
Carbon Cost,DRI-EAF_50% green H2,2043,53.85929774
Carbon Cost,DRI-EAF_50% green H2,2044,35.33881179
Carbon Cost,DRI-EAF_50% green H2,2045,21.18494425
Carbon Cost,DRI-EAF_50% green H2,2046,20.64043549
Carbon Cost,DRI-EAF_50% green H2,2047,20.31479871
Carbon Cost,DRI-EAF_50% green H2,2048,19.89854572
Carbon Cost,DRI-EAF_50% green H2,2049,17.43092295
Carbon Cost,DRI-EAF_50% green H2,2050,17.36808186
Carbon Cost,DRI-Melt-BOF,2026,59.92758025
Carbon Cost,DRI-Melt-BOF,2027,94.2690584
Carbon Cost,DRI-Melt-BOF,2028,121.995514
Carbon Cost,DRI-Melt-BOF,2029,139.8279733
Carbon Cost,DRI-Melt-BOF,2030,152.789211
Carbon Cost,DRI-Melt-BOF,2031,139.2463787
Carbon Cost,DRI-Melt-BOF,2032,117.2110125
Carbon Cost,DRI-Melt-BOF,2033,101.6712146
Carbon Cost,DRI-Melt-BOF,2034,66.63509284
Carbon Cost,DRI-Melt-BOF,2035,49.52215045
Carbon Cost,DRI-Melt-BOF,2036,42.19218107
Carbon Cost,DRI-Melt-BOF,2037,48.79972329
Carbon Cost,DRI-Melt-BOF,2038,59.99450546
Carbon Cost,DRI-Melt-BOF,2039,69.07022524
Carbon Cost,DRI-Melt-BOF,2040,78.6595898
Carbon Cost,DRI-Melt-BOF,2041,90.38141285
Carbon Cost,DRI-Melt-BOF,2042,100.8078375
Carbon Cost,DRI-Melt-BOF,2043,109.3531763
Carbon Cost,DRI-Melt-BOF,2044,126.2293023
Carbon Cost,DRI-Melt-BOF,2045,125.9417767
Carbon Cost,DRI-Melt-BOF,2046,125.9063276
Carbon Cost,DRI-Melt-BOF,2047,125.9653738
Carbon Cost,DRI-Melt-BOF,2048,126.899214
Carbon Cost,DRI-Melt-BOF,2049,127.0381653
Carbon Cost,DRI-Melt-BOF,2050,125.948073
Carbon Cost,DRI-Melt-BOF+CCUS,2028,2.763082337
Carbon Cost,DRI-Melt-BOF+CCUS,2029,16.12188371
Carbon Cost,DRI-Melt-BOF+CCUS,2030,26.03380356
Carbon Cost,DRI-Melt-BOF+CCUS,2031,41.29624773
Carbon Cost,DRI-Melt-BOF+CCUS,2032,69.02268634
Carbon Cost,DRI-Melt-BOF+CCUS,2033,97.06690326
Carbon Cost,DRI-Melt-BOF+CCUS,2034,126.1897917
Carbon Cost,DRI-Melt-BOF+CCUS,2035,148.1613873
Carbon Cost,DRI-Melt-BOF+CCUS,2036,164.088346
Carbon Cost,DRI-Melt-BOF+CCUS,2037,180.7113325
Carbon Cost,DRI-Melt-BOF+CCUS,2038,192.6757158
Carbon Cost,DRI-Melt-BOF+CCUS,2039,203.2034121
Carbon Cost,DRI-Melt-BOF+CCUS,2040,209.5704204
Carbon Cost,DRI-Melt-BOF+CCUS,2041,220.2396914
Carbon Cost,DRI-Melt-BOF+CCUS,2042,228.1001854
Carbon Cost,DRI-Melt-BOF+CCUS,2043,247.1609153
Carbon Cost,DRI-Melt-BOF+CCUS,2044,262.6078124
Carbon Cost,DRI-Melt-BOF+CCUS,2045,271.6819995
Carbon Cost,DRI-Melt-BOF+CCUS,2046,281.0632436
Carbon Cost,DRI-Melt-BOF+CCUS,2047,290.8571709
Carbon Cost,DRI-Melt-BOF+CCUS,2048,295.0266319
Carbon Cost,DRI-Melt-BOF+CCUS,2049,297.6901183
Carbon Cost,DRI-Melt-BOF+CCUS,2050,297.728175
Carbon Cost,DRI-Melt-BOF_100% zero-C H2,2028,0.754967805
Carbon Cost,DRI-Melt-BOF_100% zero-C H2,2029,1.234156735
Carbon Cost,DRI-Melt-BOF_100% zero-C H2,2030,2.491742424
Carbon Cost,DRI-Melt-BOF_100% zero-C H2,2031,32.87753797
Carbon Cost,DRI-Melt-BOF_100% zero-C H2,2032,51.12615276
Carbon Cost,DRI-Melt-BOF_100% zero-C H2,2033,69.22485812
Carbon Cost,DRI-Melt-BOF_100% zero-C H2,2034,99.94144174
Carbon Cost,DRI-Melt-BOF_100% zero-C H2,2035,123.8926146
Carbon Cost,DRI-Melt-BOF_100% zero-C H2,2036,139.0633425
Carbon Cost,DRI-Melt-BOF_100% zero-C H2,2037,154.1023951
Carbon Cost,DRI-Melt-BOF_100% zero-C H2,2038,167.707839
Carbon Cost,DRI-Melt-BOF_100% zero-C H2,2039,172.8273228
Carbon Cost,DRI-Melt-BOF_100% zero-C H2,2040,176.7239053
Carbon Cost,DRI-Melt-BOF_100% zero-C H2,2041,182.4256366
Carbon Cost,DRI-Melt-BOF_100% zero-C H2,2042,186.8204401
Carbon Cost,DRI-Melt-BOF_100% zero-C H2,2043,191.7850092
Carbon Cost,DRI-Melt-BOF_100% zero-C H2,2044,200.0955727
Carbon Cost,DRI-Melt-BOF_100% zero-C H2,2045,239.496505
Carbon Cost,DRI-Melt-BOF_100% zero-C H2,2046,253.8092847
Carbon Cost,DRI-Melt-BOF_100% zero-C H2,2047,265.6794258
Carbon Cost,DRI-Melt-BOF_100% zero-C H2,2048,277.7465177
Carbon Cost,DRI-Melt-BOF_100% zero-C H2,2049,285.7637758
Carbon Cost,DRI-Melt-BOF_100% zero-C H2,2050,346.8506557
Carbon Cost,EAF,2020,469.8115907
Carbon Cost,EAF,2021,549.9354851
Carbon Cost,EAF,2022,558.9678852
Carbon Cost,EAF,2023,565.3978798
Carbon Cost,EAF,2024,586.8078486
Carbon Cost,EAF,2025,604.1656353
Carbon Cost,EAF,2026,623.9659268
Carbon Cost,EAF,2027,643.328939
Carbon Cost,EAF,2028,660.6409555
Carbon Cost,EAF,2029,687.391033
Carbon Cost,EAF,2030,713.8853468
Carbon Cost,EAF,2031,741.1582077
Carbon Cost,EAF,2032,759.8770898
Carbon Cost,EAF,2033,778.5611786
Carbon Cost,EAF,2034,797.0467048
Carbon Cost,EAF,2035,818.9567792
Carbon Cost,EAF,2036,829.1513139
Carbon Cost,EAF,2037,840.0721287
Carbon Cost,EAF,2038,859.1636499
Carbon Cost,EAF,2039,872.4047604
Carbon Cost,EAF,2040,887.1795332
Carbon Cost,EAF,2041,912.8850347
Carbon Cost,EAF,2042,939.1576019
Carbon Cost,EAF,2043,966.1461008
Carbon Cost,EAF,2044,978.4482196
Carbon Cost,EAF,2045,984.3158704
Carbon Cost,EAF,2046,993.038123
Carbon Cost,EAF,2047,999.4418727
Carbon Cost,EAF,2048,1007.311967
Carbon Cost,EAF,2049,1027.908493
Carbon Cost,EAF,2050,1020.009934
Carbon Cost,Smelting Reduction+CCUS,2030,2.963453236
Carbon Cost,Smelting Reduction+CCUS,2031,17.57460354
Carbon Cost,Smelting Reduction+CCUS,2032,23.75535452
Carbon Cost,Smelting Reduction+CCUS,2033,35.2449607
Carbon Cost,Smelting Reduction+CCUS,2034,41.64906703
Carbon Cost,Smelting Reduction+CCUS,2035,52.92625323
Carbon Cost,Smelting Reduction+CCUS,2036,59.36940309
Carbon Cost,Smelting Reduction+CCUS,2037,69.55411257
Carbon Cost,Smelting Reduction+CCUS,2038,85.92496389
Carbon Cost,Smelting Reduction+CCUS,2039,102.6225101
Carbon Cost,Smelting Reduction+CCUS,2040,115.3535595
Carbon Cost,Smelting Reduction+CCUS,2041,118.4673226
Carbon Cost,Smelting Reduction+CCUS,2042,124.0975563
Carbon Cost,Smelting Reduction+CCUS,2043,136.090331
Carbon Cost,Smelting Reduction+CCUS,2044,143.3909182
Carbon Cost,Smelting Reduction+CCUS,2045,141.7905027
Carbon Cost,Smelting Reduction+CCUS,2046,143.610893
Carbon Cost,Smelting Reduction+CCUS,2047,146.0024479
Carbon Cost,Smelting Reduction+CCUS,2048,148.8035794
Carbon Cost,Smelting Reduction+CCUS,2049,152.6825205
Carbon Cost,Smelting Reduction+CCUS,2050,148.3398984
Tech Moratorium,Avg BF-BOF,2020,996.0865517
Tech Moratorium,Avg BF-BOF,2021,950.2506773
Tech Moratorium,Avg BF-BOF,2022,959.5270723
Tech Moratorium,Avg BF-BOF,2023,967.1878342
Tech Moratorium,Avg BF-BOF,2024,946.2552106
Tech Moratorium,Avg BF-BOF,2025,876.5067384
Tech Moratorium,Avg BF-BOF,2026,796.8372542
Tech Moratorium,Avg BF-BOF,2027,706.947049
Tech Moratorium,Avg BF-BOF,2028,629.4661995
Tech Moratorium,Avg BF-BOF,2029,532.6769758
Tech Moratorium,Avg BF-BOF,2030,498.5018168
Tech Moratorium,Avg BF-BOF,2031,456.5205556
Tech Moratorium,Avg BF-BOF,2032,426.7389717
Tech Moratorium,Avg BF-BOF,2033,383.3143469
Tech Moratorium,Avg BF-BOF,2034,362.7667291
Tech Moratorium,Avg BF-BOF,2035,320.9592286
Tech Moratorium,Avg BF-BOF,2036,293.6553403
Tech Moratorium,Avg BF-BOF,2037,264.9520956
Tech Moratorium,Avg BF-BOF,2038,226.4402964
Tech Moratorium,Avg BF-BOF,2039,202.7693378
Tech Moratorium,Avg BF-BOF,2040,180.6462802
Tech Moratorium,Avg BF-BOF,2041,160.419077
Tech Moratorium,Avg BF-BOF,2042,123.5198433
Tech Moratorium,Avg BF-BOF,2043,83.17468207
Tech Moratorium,Avg BF-BOF,2044,67.58150214
Tech Moratorium,Avg BF-BOF,2045,52.21241523
Tech Moratorium,Avg BF-BOF,2046,36.25801146
Tech Moratorium,Avg BF-BOF,2047,14.66543454
Tech Moratorium,Avg BF-BOF,2048,12.1788006
Tech Moratorium,BAT BF-BOF,2020,330.17441
Tech Moratorium,BAT BF-BOF,2021,339.426099
Tech Moratorium,BAT BF-BOF,2022,339.8222268
Tech Moratorium,BAT BF-BOF,2023,344.9602709
Tech Moratorium,BAT BF-BOF,2024,364.849627
Tech Moratorium,BAT BF-BOF,2025,381.7621424
Tech Moratorium,BAT BF-BOF,2026,412.0450217
Tech Moratorium,BAT BF-BOF,2027,460.3005102
Tech Moratorium,BAT BF-BOF,2028,499.7434527
Tech Moratorium,BAT BF-BOF,2029,546.4568968
Tech Moratorium,BAT BF-BOF,2030,524.6811785
Tech Moratorium,BAT BF-BOF,2031,489.7711379
Tech Moratorium,BAT BF-BOF,2032,475.6645593
Tech Moratorium,BAT BF-BOF,2033,445.5852284
Tech Moratorium,BAT BF-BOF,2034,416.5240357
Tech Moratorium,BAT BF-BOF,2035,390.4343318
Tech Moratorium,BAT BF-BOF,2036,370.2113791
Tech Moratorium,BAT BF-BOF,2037,332.2759963
Tech Moratorium,BAT BF-BOF,2038,283.1688439
Tech Moratorium,BAT BF-BOF,2039,252.4251519
Tech Moratorium,BAT BF-BOF,2040,213.9311132
Tech Moratorium,BAT BF-BOF,2041,184.228397
Tech Moratorium,BAT BF-BOF,2042,140.7551585
Tech Moratorium,BAT BF-BOF,2043,90.70482346
Tech Moratorium,BAT BF-BOF,2044,71.46769369
Tech Moratorium,BAT BF-BOF,2045,61.95926788
Tech Moratorium,BAT BF-BOF,2046,43.31945503
Tech Moratorium,BAT BF-BOF,2047,31.99134617
Tech Moratorium,BAT BF-BOF,2048,19.81828032
Tech Moratorium,BAT BF-BOF_H2 PCI,2025,37.131555
Tech Moratorium,BAT BF-BOF_H2 PCI,2026,69.29279182
Tech Moratorium,BAT BF-BOF_H2 PCI,2027,107.3142641
Tech Moratorium,BAT BF-BOF_H2 PCI,2028,134.060159
Tech Moratorium,BAT BF-BOF_H2 PCI,2029,173.870577
Tech Moratorium,BAT BF-BOF_H2 PCI,2030,173.6983571
Tech Moratorium,BAT BF-BOF_H2 PCI,2031,172.9121773
Tech Moratorium,BAT BF-BOF_H2 PCI,2032,171.8784275
Tech Moratorium,BAT BF-BOF_H2 PCI,2033,171.384701
Tech Moratorium,BAT BF-BOF_H2 PCI,2034,165.5406038
Tech Moratorium,BAT BF-BOF_H2 PCI,2035,159.6696356
Tech Moratorium,BAT BF-BOF_H2 PCI,2036,156.052193
Tech Moratorium,BAT BF-BOF_H2 PCI,2037,150.0678498
Tech Moratorium,BAT BF-BOF_H2 PCI,2038,137.9556819
Tech Moratorium,BAT BF-BOF_H2 PCI,2039,128.0564545
Tech Moratorium,BAT BF-BOF_H2 PCI,2040,119.2179201
Tech Moratorium,BAT BF-BOF_H2 PCI,2041,112.1519387
Tech Moratorium,BAT BF-BOF_H2 PCI,2042,106.9877373
Tech Moratorium,BAT BF-BOF_H2 PCI,2043,97.24335468
Tech Moratorium,BAT BF-BOF_H2 PCI,2044,82.98125461
Tech Moratorium,BAT BF-BOF_H2 PCI,2045,61.79543376
Tech Moratorium,BAT BF-BOF_H2 PCI,2046,39.11279984
Tech Moratorium,BAT BF-BOF_H2 PCI,2047,27.07885633
Tech Moratorium,BAT BF-BOF_H2 PCI,2048,18.4452639
Tech Moratorium,BAT BF-BOF_bio PCI,2021,2.873720623
Tech Moratorium,BAT BF-BOF_bio PCI,2022,3.897210831
Tech Moratorium,BAT BF-BOF_bio PCI,2023,3.897210831
Tech Moratorium,BAT BF-BOF_bio PCI,2024,6.33602231
Tech Moratorium,BAT BF-BOF_bio PCI,2025,6.33602231
Tech Moratorium,BAT BF-BOF_bio PCI,2026,6.322537687
Tech Moratorium,BAT BF-BOF_bio PCI,2027,6.321273089
Tech Moratorium,BAT BF-BOF_bio PCI,2028,6.320601466
Tech Moratorium,BAT BF-BOF_bio PCI,2029,6.319688213
Tech Moratorium,BAT BF-BOF_bio PCI,2030,6.318616327
Tech Moratorium,BAT BF-BOF_bio PCI,2031,6.317682252
Tech Moratorium,BAT BF-BOF_bio PCI,2032,6.278051347
Tech Moratorium,BAT BF-BOF_bio PCI,2033,5.97056469
Tech Moratorium,BAT BF-BOF_bio PCI,2034,5.77400813
Tech Moratorium,BAT BF-BOF_bio PCI,2035,5.777017848
Tech Moratorium,BAT BF-BOF_bio PCI,2036,5.781660323
Tech Moratorium,BAT BF-BOF_bio PCI,2037,5.358703989
Tech Moratorium,BAT BF-BOF_bio PCI,2038,5.164459697
Tech Moratorium,BAT BF-BOF_bio PCI,2039,5.081517342
Tech Moratorium,BAT BF-BOF_bio PCI,2040,5.092595438
Tech Moratorium,BAT BF-BOF_bio PCI,2041,2.432251649
Tech Moratorium,BAT BF-BOF_bio PCI,2042,2.438474263
Tech Moratorium,BAT BF-BOF_bio PCI,2043,2.418970148
Tech Moratorium,DRI-EAF,2020,79.82283092
Tech Moratorium,DRI-EAF,2021,133.9392565
Tech Moratorium,DRI-EAF,2022,138.7711425
Tech Moratorium,DRI-EAF,2023,143.4431095
Tech Moratorium,DRI-EAF,2024,145.4163782
Tech Moratorium,DRI-EAF,2025,171.8035
Tech Moratorium,DRI-EAF,2026,161.1437621
Tech Moratorium,DRI-EAF,2027,120.0749158
Tech Moratorium,DRI-EAF,2028,82.56333404
Tech Moratorium,DRI-EAF,2029,61.48881366
Tech Moratorium,DRI-EAF,2030,56.68209426
Tech Moratorium,DRI-EAF,2031,46.6612857
Tech Moratorium,DRI-EAF,2032,41.89914656
Tech Moratorium,DRI-EAF,2033,33.26435093
Tech Moratorium,DRI-EAF,2034,27.79790702
Tech Moratorium,DRI-EAF,2035,27.38373608
Tech Moratorium,DRI-EAF,2036,26.41541595
Tech Moratorium,DRI-EAF,2037,24.97082314
Tech Moratorium,DRI-EAF,2038,23.87664277
Tech Moratorium,DRI-EAF,2039,23.0537913
Tech Moratorium,DRI-EAF,2040,21.70626865
Tech Moratorium,DRI-EAF,2041,18.82189356
Tech Moratorium,DRI-EAF,2042,16.90456346
Tech Moratorium,DRI-EAF,2043,16.14675942
Tech Moratorium,DRI-EAF,2044,14.84075847
Tech Moratorium,DRI-EAF,2045,8.256182932
Tech Moratorium,DRI-EAF,2046,7.099546346
Tech Moratorium,DRI-EAF,2047,6.173812164
Tech Moratorium,DRI-EAF,2048,3.182721146
Tech Moratorium,DRI-EAF+CCUS,2030,0.419067444
Tech Moratorium,DRI-EAF+CCUS,2031,4.22064805
Tech Moratorium,DRI-EAF+CCUS,2032,4.910177206
Tech Moratorium,DRI-EAF+CCUS,2033,5.95232058
Tech Moratorium,DRI-EAF+CCUS,2034,7.105788087
Tech Moratorium,DRI-EAF+CCUS,2035,7.059888643
Tech Moratorium,DRI-EAF+CCUS,2036,7.657910687
Tech Moratorium,DRI-EAF+CCUS,2037,8.95253458
Tech Moratorium,DRI-EAF+CCUS,2038,9.498076846
Tech Moratorium,DRI-EAF+CCUS,2039,11.44789032
Tech Moratorium,DRI-EAF+CCUS,2040,13.29741825
Tech Moratorium,DRI-EAF+CCUS,2041,15.31801703
Tech Moratorium,DRI-EAF+CCUS,2042,16.77951947
Tech Moratorium,DRI-EAF+CCUS,2043,18.39873151
Tech Moratorium,DRI-EAF+CCUS,2044,20.78839694
Tech Moratorium,DRI-EAF+CCUS,2045,20.66579299
Tech Moratorium,DRI-EAF+CCUS,2046,20.76448639
Tech Moratorium,DRI-EAF+CCUS,2047,20.62403193
Tech Moratorium,DRI-EAF+CCUS,2048,21.44117377
Tech Moratorium,DRI-EAF+CCUS,2049,24.05613904
Tech Moratorium,DRI-EAF+CCUS,2050,23.8437358
Tech Moratorium,DRI-EAF_100% green H2,2030,4.078122652
Tech Moratorium,DRI-EAF_100% green H2,2031,12.72033443
Tech Moratorium,DRI-EAF_100% green H2,2032,18.14980433
Tech Moratorium,DRI-EAF_100% green H2,2033,23.75403555
Tech Moratorium,DRI-EAF_100% green H2,2034,29.40078165
Tech Moratorium,DRI-EAF_100% green H2,2035,29.99240795
Tech Moratorium,DRI-EAF_100% green H2,2036,31.80592231
Tech Moratorium,DRI-EAF_100% green H2,2037,38.05812684
Tech Moratorium,DRI-EAF_100% green H2,2038,46.12864332
Tech Moratorium,DRI-EAF_100% green H2,2039,50.6824372
Tech Moratorium,DRI-EAF_100% green H2,2040,56.41833194
Tech Moratorium,DRI-EAF_100% green H2,2041,78.77641375
Tech Moratorium,DRI-EAF_100% green H2,2042,112.1739461
Tech Moratorium,DRI-EAF_100% green H2,2043,132.3262344
Tech Moratorium,DRI-EAF_100% green H2,2044,143.7178976
Tech Moratorium,DRI-EAF_100% green H2,2045,179.2824578
Tech Moratorium,DRI-EAF_100% green H2,2046,194.2893164
Tech Moratorium,DRI-EAF_100% green H2,2047,206.2370144
Tech Moratorium,DRI-EAF_100% green H2,2048,212.3940131
Tech Moratorium,DRI-EAF_100% green H2,2049,226.1346513
Tech Moratorium,DRI-EAF_100% green H2,2050,225.5104563
Tech Moratorium,DRI-EAF_50% bio-CH4,2029,0.119998395
Tech Moratorium,DRI-EAF_50% bio-CH4,2030,0.119978042
Tech Moratorium,DRI-EAF_50% bio-CH4,2031,0.119960306
Tech Moratorium,DRI-EAF_50% bio-CH4,2032,0.119961317
Tech Moratorium,DRI-EAF_50% bio-CH4,2033,0.119975192
Tech Moratorium,DRI-EAF_50% bio-CH4,2034,0.120012845
Tech Moratorium,DRI-EAF_50% bio-CH4,2035,0.120075402
Tech Moratorium,DRI-EAF_50% bio-CH4,2036,0.120171896
Tech Moratorium,DRI-EAF_50% bio-CH4,2037,0.120310651
Tech Moratorium,DRI-EAF_50% bio-CH4,2038,0.119211969
Tech Moratorium,DRI-EAF_50% bio-CH4,2039,0.119435601
Tech Moratorium,DRI-EAF_50% bio-CH4,2040,0.11969598
Tech Moratorium,DRI-EAF_50% bio-CH4,2041,0.119984946
Tech Moratorium,DRI-EAF_50% bio-CH4,2042,0.120291912
Tech Moratorium,DRI-EAF_50% bio-CH4,2043,0.119329759
Tech Moratorium,DRI-EAF_50% bio-CH4,2044,0.119613829
Tech Moratorium,DRI-EAF_50% bio-CH4,2045,0.119864187
Tech Moratorium,DRI-EAF_50% bio-CH4,2046,0.120071226
Tech Moratorium,DRI-EAF_50% bio-CH4,2047,0.120226604
Tech Moratorium,DRI-EAF_50% bio-CH4,2048,0.1203232
Tech Moratorium,DRI-EAF_50% green H2,2026,10.7104438
Tech Moratorium,DRI-EAF_50% green H2,2027,52.71120982
Tech Moratorium,DRI-EAF_50% green H2,2028,89.42556242
Tech Moratorium,DRI-EAF_50% green H2,2029,111.2591332
Tech Moratorium,DRI-EAF_50% green H2,2030,111.3049194
Tech Moratorium,DRI-EAF_50% green H2,2031,111.4284671
Tech Moratorium,DRI-EAF_50% green H2,2032,111.3489333
Tech Moratorium,DRI-EAF_50% green H2,2033,111.4011151
Tech Moratorium,DRI-EAF_50% green H2,2034,111.5663385
Tech Moratorium,DRI-EAF_50% green H2,2035,110.8954535
Tech Moratorium,DRI-EAF_50% green H2,2036,110.0911199
Tech Moratorium,DRI-EAF_50% green H2,2037,105.1784692
Tech Moratorium,DRI-EAF_50% green H2,2038,100.0542799
Tech Moratorium,DRI-EAF_50% green H2,2039,93.1842138
Tech Moratorium,DRI-EAF_50% green H2,2040,83.80123853
Tech Moratorium,DRI-EAF_50% green H2,2041,61.67269869
Tech Moratorium,DRI-EAF_50% green H2,2042,44.72057646
Tech Moratorium,DRI-EAF_50% green H2,2043,39.90613657
Tech Moratorium,DRI-EAF_50% green H2,2044,32.92648866
Tech Moratorium,DRI-EAF_50% green H2,2045,11.03656707
Tech Moratorium,DRI-EAF_50% green H2,2046,7.172709001
Tech Moratorium,DRI-EAF_50% green H2,2047,6.040259901
Tech Moratorium,DRI-EAF_50% green H2,2048,3.556133249
Tech Moratorium,DRI-Melt-BOF,2026,30.63066659
Tech Moratorium,DRI-Melt-BOF,2027,45.41482585
Tech Moratorium,DRI-Melt-BOF,2028,66.17328126
Tech Moratorium,DRI-Melt-BOF,2029,82.95308884
Tech Moratorium,DRI-Melt-BOF,2030,82.96802784
Tech Moratorium,DRI-Melt-BOF,2031,83.27105825
Tech Moratorium,DRI-Melt-BOF,2032,83.24733254
Tech Moratorium,DRI-Melt-BOF,2033,83.28243914
Tech Moratorium,DRI-Melt-BOF,2034,83.38814987
Tech Moratorium,DRI-Melt-BOF,2035,82.94966665
Tech Moratorium,DRI-Melt-BOF,2036,83.00218982
Tech Moratorium,DRI-Melt-BOF,2037,83.11137324
Tech Moratorium,DRI-Melt-BOF,2038,83.20968605
Tech Moratorium,DRI-Melt-BOF,2039,83.31583148
Tech Moratorium,DRI-Melt-BOF,2040,82.95929804
Tech Moratorium,DRI-Melt-BOF,2041,82.98523858
Tech Moratorium,DRI-Melt-BOF,2042,83.05687957
Tech Moratorium,DRI-Melt-BOF,2043,83.15105519
Tech Moratorium,DRI-Melt-BOF,2044,83.25852998
Tech Moratorium,DRI-Melt-BOF,2045,83.21003358
Tech Moratorium,DRI-Melt-BOF,2046,52.38694596
Tech Moratorium,DRI-Melt-BOF,2047,37.82469607
Tech Moratorium,DRI-Melt-BOF,2048,16.70912267
Tech Moratorium,DRI-Melt-BOF+CCUS,2030,14.20774963
Tech Moratorium,DRI-Melt-BOF+CCUS,2031,34.27949253
Tech Moratorium,DRI-Melt-BOF+CCUS,2032,46.58657522
Tech Moratorium,DRI-Melt-BOF+CCUS,2033,72.7346991
Tech Moratorium,DRI-Melt-BOF+CCUS,2034,87.96955418
Tech Moratorium,DRI-Melt-BOF+CCUS,2035,106.5835884
Tech Moratorium,DRI-Melt-BOF+CCUS,2036,125.4268312
Tech Moratorium,DRI-Melt-BOF+CCUS,2037,150.9622312
Tech Moratorium,DRI-Melt-BOF+CCUS,2038,180.9722922
Tech Moratorium,DRI-Melt-BOF+CCUS,2039,210.601429
Tech Moratorium,DRI-Melt-BOF+CCUS,2040,243.9126163
Tech Moratorium,DRI-Melt-BOF+CCUS,2041,280.0717197
Tech Moratorium,DRI-Melt-BOF+CCUS,2042,314.2069843
Tech Moratorium,DRI-Melt-BOF+CCUS,2043,347.1611683
Tech Moratorium,DRI-Melt-BOF+CCUS,2044,366.5787822
Tech Moratorium,DRI-Melt-BOF+CCUS,2045,391.419734
Tech Moratorium,DRI-Melt-BOF+CCUS,2046,431.7312967
Tech Moratorium,DRI-Melt-BOF+CCUS,2047,463.4998924
Tech Moratorium,DRI-Melt-BOF+CCUS,2048,489.6834418
Tech Moratorium,DRI-Melt-BOF+CCUS,2049,512.9957279
Tech Moratorium,DRI-Melt-BOF+CCUS,2050,517.4954246
Tech Moratorium,DRI-Melt-BOF_100% zero-C H2,2030,18.17310429
Tech Moratorium,DRI-Melt-BOF_100% zero-C H2,2031,34.23453743
Tech Moratorium,DRI-Melt-BOF_100% zero-C H2,2032,51.13908983
Tech Moratorium,DRI-Melt-BOF_100% zero-C H2,2033,64.15761638
Tech Moratorium,DRI-Melt-BOF_100% zero-C H2,2034,76.70904862
Tech Moratorium,DRI-Melt-BOF_100% zero-C H2,2035,92.37216786
Tech Moratorium,DRI-Melt-BOF_100% zero-C H2,2036,103.705481
Tech Moratorium,DRI-Melt-BOF_100% zero-C H2,2037,128.4253168
Tech Moratorium,DRI-Melt-BOF_100% zero-C H2,2038,156.0064652
Tech Moratorium,DRI-Melt-BOF_100% zero-C H2,2039,172.0756877
Tech Moratorium,DRI-Melt-BOF_100% zero-C H2,2040,195.2334334
Tech Moratorium,DRI-Melt-BOF_100% zero-C H2,2041,218.9658201
Tech Moratorium,DRI-Melt-BOF_100% zero-C H2,2042,245.6996281
Tech Moratorium,DRI-Melt-BOF_100% zero-C H2,2043,288.134209
Tech Moratorium,DRI-Melt-BOF_100% zero-C H2,2044,335.581207
Tech Moratorium,DRI-Melt-BOF_100% zero-C H2,2045,354.2343766
Tech Moratorium,DRI-Melt-BOF_100% zero-C H2,2046,388.3965344
Tech Moratorium,DRI-Melt-BOF_100% zero-C H2,2047,410.7569608
Tech Moratorium,DRI-Melt-BOF_100% zero-C H2,2048,436.871307
Tech Moratorium,DRI-Melt-BOF_100% zero-C H2,2049,466.9561439
Tech Moratorium,DRI-Melt-BOF_100% zero-C H2,2050,488.4267879
Tech Moratorium,EAF,2020,469.8115907
Tech Moratorium,EAF,2021,552.0000749
Tech Moratorium,EAF,2022,562.0877337
Tech Moratorium,EAF,2023,569.560109
Tech Moratorium,EAF,2024,590.6506548
Tech Moratorium,EAF,2025,603.856537
Tech Moratorium,EAF,2026,613.1973044
Tech Moratorium,EAF,2027,622.3685727
Tech Moratorium,EAF,2028,633.2058953
Tech Moratorium,EAF,2029,643.6498716
Tech Moratorium,EAF,2030,668.2681098
Tech Moratorium,EAF,2031,696.0513887
Tech Moratorium,EAF,2032,712.6772132
Tech Moratorium,EAF,2033,730.4987701
Tech Moratorium,EAF,2034,748.6412517
Tech Moratorium,EAF,2035,773.3999309
Tech Moratorium,EAF,2036,791.217405
Tech Moratorium,EAF,2037,803.8006331
Tech Moratorium,EAF,2038,828.4807064
Tech Moratorium,EAF,2039,839.4454871
Tech Moratorium,EAF,2040,854.7485314
Tech Moratorium,EAF,2041,862.77717
Tech Moratorium,EAF,2042,877.8754657
Tech Moratorium,EAF,2043,893.9676941
Tech Moratorium,EAF,2044,896.2046934
Tech Moratorium,EAF,2045,906.815459
Tech Moratorium,EAF,2046,922.3073188
Tech Moratorium,EAF,2047,933.2490772
Tech Moratorium,EAF,2048,943.9468669
Tech Moratorium,EAF,2049,963.4949042
Tech Moratorium,EAF,2050,967.5743931
Tech Moratorium,Smelting Reduction+CCUS,2030,15.81613207
Tech Moratorium,Smelting Reduction+CCUS,2031,41.77477808
Tech Moratorium,Smelting Reduction+CCUS,2032,53.04574863
Tech Moratorium,Smelting Reduction+CCUS,2033,83.78068276
Tech Moratorium,Smelting Reduction+CCUS,2034,101.6075769
Tech Moratorium,Smelting Reduction+CCUS,2035,125.6515969
Tech Moratorium,Smelting Reduction+CCUS,2036,135.8474624
Tech Moratorium,Smelting Reduction+CCUS,2037,152.8719078
Tech Moratorium,Smelting Reduction+CCUS,2038,177.5116616
Tech Moratorium,Smelting Reduction+CCUS,2039,197.9795972
Tech Moratorium,Smelting Reduction+CCUS,2040,213.5161752
Tech Moratorium,Smelting Reduction+CCUS,2041,223.1744844
Tech Moratorium,Smelting Reduction+CCUS,2042,236.9649964
Tech Moratorium,Smelting Reduction+CCUS,2043,252.3919892
Tech Moratorium,Smelting Reduction+CCUS,2044,254.6444408
Tech Moratorium,Smelting Reduction+CCUS,2045,267.0534521
Tech Moratorium,Smelting Reduction+CCUS,2046,283.8821409
Tech Moratorium,Smelting Reduction+CCUS,2047,298.2815203
Tech Moratorium,Smelting Reduction+CCUS,2048,308.3451106
Tech Moratorium,Smelting Reduction+CCUS,2049,323.2379062
Tech Moratorium,Smelting Reduction+CCUS,2050,323.683312